minute,weighted_name,Head_x,Head_y,movementAmount,isTalking,headAngle,Head_z,ShoulderLeft_x,ShoulderLeft_y,ShoulderLeft_z,ShoulderRight_x,ShoulderRight_y,ShoulderRight_z,ElbowLeft_x,ElbowLeft_y,ElbowLeft_z,ElbowRight_x,ElbowRight_y,ElbowRight_z,HandLeft_x,HandLeft_y,HandLeft_z,HandRight_x,HandRight_y,HandRight_z,leanVector_x,leanVector_z,eva,mia,ben,zoe,dan,ken,pat,sue,kim,laser_cutter,3D_printer,activity
4/6/18 16:11,ben,2.860759281,1.017919766,0.4195,0,1.396589338,1.66495755,2.883618002,1.063802818,1.6128638,2.865887115,0.992439646,1.5541686,2.881399487,1.152383786,1.49235425,2.851252123,1.036213886,1.43892955,2.73376061,1.199859156,1.37803275,2.826033266,0.903827959,1.4000184,0.0801082,0.168109375,0,0,0,0,0,1,0,0,0,1,1,tprinter
4/6/18 16:11,ken,2.082066277,2.274074538,3.520230769,0,-1.059090584,1.386022854,2.037700023,2.227045923,1.219102977,2.246158362,2.312867231,1.222376208,2.061531038,2.228790462,1.103594454,2.181084415,2.194746154,1.082412746,1.996023315,2.307984154,0.953705331,2.075985862,2.153714231,0.877986138,-0.384439238,-0.055491865,0,1,1,0,0,0,0,0,0,1,1,csue
4/6/18 16:11,mia,2.195638049,4.404391605,19.84405556,0,-0.97006387,1.437336706,2.245578436,4.373263287,1.248081428,2.117762505,4.301975441,1.284551856,2.241832738,4.370183799,1.075419344,2.066092852,4.306504094,1.110979761,2.041530637,4.348953066,1.067803372,2.11943239,4.441563838,1.014333111,-0.025507211,0.155475242,0,0,0,0,0,1,0,0,0,0,0,i
4/6/18 16:12,ben,2.88257707,1.029937441,6.205071429,0,1.02534705,1.705616114,2.959720852,1.049872979,1.652184504,2.834489956,0.999810325,1.661461836,2.904990372,1.124814931,1.537244432,2.861104762,0.966760665,1.568716261,2.772265078,1.194259803,1.434055829,2.850364666,0.938166234,1.494646925,0.202911467,0.136309948,0,0,0,0,0,1,0,0,0,1,1,tprinter
4/6/18 16:12,ken,2.081752793,2.2816272,1.191266667,0,-1.059090584,1.38637278,2.034343093,2.2258478,1.221997727,2.24478986,2.313329733,1.222319307,1.967466447,2.3866726,1.207469507,2.178574707,2.195832867,1.080900413,1.87656322,2.623265267,1.212009373,2.077654167,2.166433533,0.869046167,-0.390962353,-0.037400171,0,1,1,0,0,0,0,0,0,1,1,csue
4/6/18 16:12,mia,2.405427686,4.214949735,26.7825,0,-0.063069585,1.486352661,2.443980045,4.245432463,1.278836729,2.386368407,4.111391456,1.30347212,2.415261454,4.254079748,1.103116046,2.359554187,4.071207939,1.1290992,2.308015083,4.322649842,1.092229513,2.386553079,4.079081115,1.008140289,0.115168758,0.046821172,0,0,0,0,0,1,0,0,0,0,0,i
4/6/18 16:13,ben,2.9227807,1.024748667,4.666,0,-1.445739893,1.288815767,2.990894667,1.009050667,1.388107183,2.862702667,1.007443333,1.347941567,2.918102033,1.01661,1.262662233,2.9469299,0.958790667,1.216223667,2.81987119,0.975214667,1.0791505,2.993337033,0.86059,1.049420967,0.06190657,0.14879251,0,0,0,0,0,1,0,1,0,1,1,tprinter
4/6/18 16:13,ken,2.088701228,2.32522206,5.506846154,0,0.759344571,1.864270146,2.166979332,2.345055789,1.752385677,2.055942451,2.292844685,1.7826965,2.23382281,2.421579423,1.662103415,2.118575555,2.314015198,1.63219692,2.200507607,2.479847832,1.67703554,2.102938312,2.402574015,1.472308164,-0.151866313,0.300058868,0,1,1,1,0,0,0,1,0,1,1,csue
4/6/18 16:13,mia,2.293486256,4.452452995,2.319533333,0.066666667,-0.524703254,1.447783107,2.380431304,4.421263984,1.2354186,2.204577454,4.334410142,1.29885412,2.388662244,4.418394475,1.060238507,2.131424349,4.342885736,1.131874193,2.589720654,4.404830099,1.0537143,2.230574898,4.418354678,1.032322067,-0.088015187,0.184686909,0,0,0,1,0,1,0,1,0,0,0,csue
4/6/18 16:13,sue,2.137903738,2.936915187,6.330428571,0,0.946179552,1.556588229,2.268559887,3.085807106,1.357634271,2.142552803,2.801614829,1.349822414,2.252936631,3.109730173,1.152767243,2.045196145,2.719458744,1.318473371,2.275332786,3.138102985,0.959621343,1.931452786,2.89943306,1.266134943,0.124033614,-0.148386557,0,1,1,1,0,1,0,0,0,1,1,cmia
4/6/18 16:13,zoe,1.0513538,4.2132784,5.2936,0,0.171982561,1.31713018,1.0097658,4.1779902,1.1976093,1.1888808,4.1955954,1.21757968,0.9998944,4.1768128,1.11809016,1.2502748,4.2057938,1.26819198,1.048443,4.1664912,1.16515492,1.217611,4.178065,1.20866862,-0.54534822,0.062216734,0,1,0,0,0,1,0,1,0,0,0,i
4/6/18 16:14,ben,2.91688515,1.000214,2.9805,0,0.975258389,1.2888736,2.96329425,0.955558,1.33050075,2.8572881,0.9824025,1.3493146,2.87641755,1.0276415,1.2212186,2.95990395,0.97104,1.22509915,2.810216345,1.12666,1.0873572,3.0108535,0.870333,1.06313855,0.065509855,0.064102655,0,0,0,0,0,1,0,1,1,1,1,tprinter
4/6/18 16:14,ken,2.025435234,2.428206554,6.977,0,0.854721597,1.880729962,2.108981697,2.459706085,1.767450082,1.987376591,2.395981902,1.800038541,2.179727743,2.526138151,1.687976645,2.050656526,2.395444713,1.685862059,2.129936408,2.544429897,1.530194289,2.059085559,2.418630315,1.569320631,-0.177050603,0.383347308,0,1,1,0,0,0,0,1,1,1,1,i
4/6/18 16:14,kim,2.74308741,1.608016713,39.0279,0,-0.517402701,1.73797112,2.720416947,1.686478922,1.58716608,2.761835165,1.677376146,1.6137655,2.67871845,1.678922841,1.460363553,2.753814985,1.66099098,1.495621708,2.677027522,1.624091757,1.340226728,2.737842328,1.654222171,1.37258733,-0.060231426,-0.085511985,0,1,1,0,0,1,0,1,0,1,1,i
4/6/18 16:14,mia,2.542794639,4.188539116,2.267176471,0,-0.31072301,1.465707844,2.598957321,4.15738288,1.243200606,2.426916034,4.074423075,1.322998333,2.629337909,4.131023958,1.072650817,2.363047547,4.066003752,1.1434244,2.54978145,4.213449002,1.306209844,2.460917426,4.143424049,1.028329329,-0.019248976,0.276567009,0,0,0,0,0,1,0,1,1,0,0,i
4/6/18 16:14,sue,2.149940321,2.933066562,9.295857143,0,0.622097905,1.574213891,2.232012377,3.078344756,1.379746707,2.110723395,2.731191319,1.369694357,2.104501892,3.165128591,1.25429265,1.982901596,2.775844391,1.311906799,2.357490756,3.064783102,1.216270929,1.915159346,2.821684632,1.218131521,0.138472379,-0.183820276,0,1,1,0,0,1,0,0,1,0,0,i
4/6/18 16:15,ben,2.663069513,1.600807447,47.54457143,0,-1.000214925,1.327440566,2.585482646,1.659158801,1.113679679,2.771494626,1.496129044,1.121158086,2.531939551,1.649166688,0.917111507,2.808338762,1.41997809,0.964677143,2.483252769,1.507328855,0.840553107,2.720556587,1.314250171,0.911616464,0.087308929,0.126498144,0,0,0,0,0,1,0,1,0,1,1,tprinter
4/6/18 16:15,ken,2.08473148,2.321793193,7.7655,0,0.967940806,1.92245215,2.186861741,2.360431936,1.8041243,2.043966748,2.241426521,1.80443885,2.247431169,2.451096099,1.695274815,2.082115585,2.296031063,1.64155882,2.215887784,2.516405342,1.520389252,2.11325852,2.369960125,1.48357211,-0.024613064,0.1101532,0,1,1,0,0,0,0,1,0,1,1,i
4/6/18 16:15,mia,1.512233541,4.484983113,10.48328571,0.142857143,-0.021725277,1.681059514,1.692350911,4.469957718,1.49945698,1.47044453,4.362019535,1.452628378,1.841797625,4.460371242,1.363072607,1.394174585,4.251906483,1.265907164,1.740159761,4.430378527,1.178801779,1.566095621,4.470715588,1.302970551,0.234469086,0.175872386,0,0,0,0,0,1,0,1,0,0,0,i
4/6/18 16:15,sue,1.944052726,2.47932431,164.1245,0,-0.474288663,1.76730973,1.980293809,2.575849214,1.583959963,1.94071611,1.983897161,1.587373413,2.013626229,2.589941407,1.471824828,1.964383348,1.961866235,1.480833181,2.089005253,2.48915598,1.537031454,1.963887861,1.977423926,1.533366838,0.161859966,-0.307563573,0,1,1,0,0,1,0,0,0,0,0,i
4/6/18 16:16,ben,2.529637723,1.588700116,6.573352941,0,-0.656368809,1.371944543,2.433198556,1.623996835,1.164979008,2.615714356,1.505348258,1.156796072,2.371893223,1.658785882,0.980907865,2.650404609,1.450516848,1.040187706,2.359865989,1.548354213,0.922507024,2.569129767,1.408156464,0.903130421,0.100362056,0.19416675,0,1,0,1,1,0,0,0,1,1,1,tprinter
4/6/18 16:16,dan,1.970029049,3.618567063,104.3894,0,-1.013014222,1.22294762,1.9081753,3.671102644,1.060005935,2.081637961,3.528659864,1.054586357,1.872861224,3.575571202,0.88220398,2.076528997,3.477607061,0.88201181,1.748016224,3.363610596,0.79930941,1.919123799,3.42802499,0.84494308,0.419657666,0.33073314,0,1,1,1,0,0,0,0,1,1,0,cmia
4/6/18 16:16,kim,2.270177748,3.18355326,60.497,0,-1.208879755,1.547345783,2.266041218,3.085962606,1.366534267,2.295089166,3.141594685,1.338919067,2.178516934,3.06794564,1.239804127,2.289032255,3.102155038,1.36795715,2.03976684,3.137938235,1.2127232,2.28071993,2.989903429,1.299835097,0.413958467,-0.071145667,0,1,1,1,1,0,0,0,0,1,1,cmia
4/6/18 16:16,mia,1.986674138,4.02382672,40.49005263,0.052631579,0.700953177,1.613597822,1.951532224,4.225622545,1.339766639,1.952104514,3.96366788,1.408371187,1.99272831,4.247589756,1.177176486,1.936990817,3.942566601,1.261976839,1.934673157,4.166447202,1.172494388,1.957516077,3.970215643,1.190375186,0.050396293,0.038849174,0,0,1,1,1,0,0,0,1,0,0,i
4/6/18 16:16,zoe,1.793397737,3.156323827,92.258,0,0.072114021,1.535483107,1.289636759,3.970730545,1.241599725,1.256607104,3.971865636,1.2543854,1.328277662,4.018515025,1.10797055,1.265098172,3.922284199,1.135431275,1.232409984,4.042083232,1.071171275,1.255807539,4.070844669,1.106264475,0.007548365,-0.16600207,0,1,1,0,1,0,0,0,1,0,0,cmia
4/6/18 16:17,ben,2.798215823,1.0990595,1.27075,0.0625,-0.478004456,1.297876763,2.69058823,1.187059938,1.081853444,2.911265088,1.007459313,1.068114925,2.627514924,1.2401435,0.886903619,2.951570925,0.935672125,0.921088637,2.646202691,0.915270438,0.917648569,2.699685528,0.910012563,0.915340788,-0.087015358,0.363103419,0,1,0,1,1,0,0,0,0,1,1,tprinter
4/6/18 16:17,dan,2.128926911,3.523184497,86.377,0,-1.142209077,1.5603799,2.050043045,3.646800986,1.318205305,2.143795631,3.417384911,1.34749884,1.944969754,3.562038888,1.17226745,2.068088314,3.394082758,1.16789675,1.76652966,3.362652634,1.0558903,1.90626348,3.225081467,1.0823389,0.06043874,-0.4006687,0,1,1,1,0,0,0,0,0,1,0,i
4/6/18 16:17,mia,1.478335569,3.496045193,34.06531579,0.052631579,0.958837701,1.668213665,1.465565107,3.512241425,1.513128589,1.508239774,3.492797595,1.503969884,1.470068416,3.512084638,1.37584981,1.480513903,3.471839713,1.395876056,1.337960496,3.662972879,1.400971233,1.419336217,3.459901251,1.389051224,-0.176382596,-0.247907972,0,0,1,1,1,0,0,0,0,1,0,czoe
4/6/18 16:17,zoe,1.931179096,3.077140547,101.2858462,0,-0.30820071,1.499935423,1.829995636,3.298447036,1.256131955,1.940437263,3.072509361,1.373801506,1.845270499,3.33017938,1.127705974,1.911770557,3.062350351,1.270263898,1.877902117,3.324119644,1.040907624,1.952232055,3.055597724,1.241462637,0.184526808,-0.047833413,0,1,1,0,1,0,0,0,0,0,0,cmia
4/6/18 16:18,ben,2.636618288,0.956155,6.269538462,0,-0.300604501,1.293227623,2.552441992,1.022154769,1.083316623,2.772940976,0.930717769,1.119849169,2.615940892,0.937607154,0.942245638,2.813057085,0.897519385,0.9716594,2.659226999,0.906437769,1.019541162,2.856568926,1.022772846,0.9781583,-0.349323931,-0.419828923,0,0,0,0,0,0,0,0,0,1,1,tprinter
4/6/18 16:18,mia,1.245165,4.190742,0,0,1.564876602,1.2110248,1.170032,4.152919,1.1175563,1.377516,4.211981,1.1241274,1.121028,4.123735,1.0074949,1.394795,4.119869,1.2713388,1.235842,4.114143,1.2007028,1.282968,4.202883,1.3805881,-0.9898819,-0.186761,0,0,0,0,0,0,0,0,0,0,0,czoe
4/6/18 16:19,ben,2.578346646,0.898655933,5.3908,0,-0.728826766,1.293784273,2.50931284,0.935512867,1.09629702,2.715127262,0.886550133,1.133258167,2.602075868,0.872972067,0.963448587,2.776218615,0.913042067,0.990121707,2.691332774,0.892755067,1.047109633,2.94709592,1.1547,1.01426466,-0.495556147,-0.866644973,0,0,0,0,0,0,0,0,0,0,0,tprinter
4/6/18 16:20,ben,2.626271414,0.8720264,6.220866667,0,-0.336957922,1.293104627,2.55475252,0.954492333,1.079172667,2.7795867,0.855417733,1.115780533,2.5268864,1.0517998,0.90683108,2.79498009,0.794163067,0.959277447,2.391325467,0.968351467,0.822180187,2.740181277,0.808814693,0.963797093,0.051447218,-0.95458042,0,1,0,0,0,0,0,0,0,1,1,tprinter
4/6/18 16:20,mia,1.034867139,1.766082164,0,0,-0.927401934,1.8632006,1.042156968,1.562261536,1.6948687,0.937656676,1.653052571,1.7044436,1.044919817,1.516992563,1.54882981,0.871262622,1.626817799,1.58998885,1.057092123,1.506831898,1.3871816,0.725236497,1.561211928,1.50840214,0.3307937,1,0,0,1,0,0,0,0,0,0,0,0,czoe
4/6/18 16:21,ben,2.631478364,0.890953733,4.6718,0,-0.149691552,1.296778847,2.553618473,0.941494133,1.112231873,2.777713739,0.866810333,1.1147149,2.524754753,1.052584467,0.93188532,2.759763432,0.787594933,0.963858853,2.395280387,0.985507333,0.815245,2.773631207,0.69256914,0.874743293,0.084348831,-0.865144313,0,1,0,0,0,0,0,0,0,1,1,tprinter
4/6/18 16:21,mia,1.039009975,1.584058004,32.5726,0.066666667,0.445317353,2.234869307,1.167993309,1.513159551,2.067898993,0.941767991,1.555569709,2.02949416,1.214251969,1.585176313,1.936366087,0.937814868,1.62302756,1.908122793,1.197440274,1.723332022,1.836543073,1.013304917,1.752856056,1.862450945,0.066513735,-0.228432805,0,0,1,0,0,0,0,0,0,0,0,czoe
4/6/18 16:22,ben,2.70732611,0.970173857,6.908571429,0,-1.238985668,1.296926507,2.630135981,1.000584429,1.104099364,2.826847995,0.9157245,1.110668257,2.580285486,1.092562429,0.924417586,2.824663755,0.833669429,0.947420764,2.543272874,1.013736786,0.8639393,2.760241666,0.765529871,0.828139236,0.049416869,-0.586959343,0,1,0,0,0,0,0,0,0,1,1,tprinter
4/6/18 16:22,mia,1.083439741,2.223396249,23.44285714,0.071428571,0.149163983,1.950882348,1.167954335,2.180824049,1.794621931,1.038931668,2.17870331,1.798208091,1.198054549,2.204865545,1.678190535,1.02819994,2.217530501,1.761171721,1.130183835,2.25926608,1.689267884,1.020274113,2.219009742,1.750078221,0.234746943,0.091782071,0,0,1,1,0,0,0,1,0,1,0,i
4/6/18 16:22,sue,1.3524605,4.138907,29.297,0,0.275111564,1.35128883,1.304268,4.1227475,1.1593261,1.49678835,4.1179735,1.20797845,1.2341645,4.145092,1.07095225,1.50169145,4.1097965,1.20067305,1.2199385,4.1787695,1.14094075,1.47491025,4.069313,1.1669055,-0.3396721,-0.013211464,0,1,0,1,0,0,0,0,0,0,0,i
4/6/18 16:22,zoe,0.972567,4.254998,0,0,1.464681107,1.2254374,2.7258,-0.3,1.562,2.7258,-0.3,1.562,2.7258,-0.3,1.562,1.09398,4.147375,0.9263091,1.068927,4.147626,1.0715452,1.201038,4.193021,1.1781413,-1,-0.05024004,0,1,0,0,0,0,0,1,0,0,0,cmia
4/6/18 16:23,ben,2.706742494,1.033008281,11.063,0,-0.311794341,1.30654535,2.650789045,1.110661268,1.09579251,2.810319541,0.995093133,1.157821093,2.616718418,1.146824578,0.932492383,2.827673688,0.880889223,1.02319156,2.610465159,1.075729995,0.921469243,2.714999031,0.833436167,0.91406577,-0.248764593,-0.45189848,0,1,0,0,0,0,0,0,0,1,1,tprinter
4/6/18 16:23,mia,1.078996551,3.044287499,45.07523077,0,0.728677302,1.687273246,1.129523809,2.999552254,1.568888015,1.113981335,3.023784498,1.563993692,1.134602173,3.003307555,1.465648546,1.122743092,3.00262588,1.497388085,1.112186473,3.048770815,1.444360825,1.096629221,3.035315588,1.464769595,-0.039610307,0.413893882,0,0,1,0,0,0,0,1,0,1,0,czoe
4/6/18 16:23,sue,1.4040116,4.2021262,12.938,0,-1.014653474,1.318327,1.3526686,4.128968,1.22134382,1.4646684,4.1761694,1.22303936,1.3580932,4.0807178,1.10966302,1.4520486,4.1377804,1.10897232,1.3493804,4.0295028,0.9787706,1.4422972,4.1364264,0.96222576,0.02287938,0.111043872,0,1,0,0,0,0,0,0,0,0,0,i
4/6/18 16:24,ben,2.758929008,1.037606408,3.639133333,0,-1.347210452,1.347587483,2.705465291,1.161712677,1.11635271,2.894849651,0.998583847,1.182629287,2.628615211,1.256982667,0.958432013,2.925766181,0.914655924,1.06858116,2.515662059,1.175349597,0.856943757,2.73146701,1.018223855,1.027156457,-0.247027431,-0.57260908,0,1,0,0,0,0,0,0,0,1,1,i
4/6/18 16:24,mia,1.061347382,3.246799469,17.6956,0,0.315643265,1.668224125,1.067576966,3.180882148,1.558964416,1.057923105,3.201974676,1.567873244,1.09145309,3.164712668,1.480867056,1.060801828,3.227957071,1.454925283,1.06898485,3.193788865,1.39774246,1.040186618,3.261941055,1.381916522,0.056619703,0.494432343,0,0,1,0,0,0,0,0,0,0,0,i
4/6/18 16:25,ben,2.796586336,1.06318848,5.233,0,-1.391229203,1.365360233,2.720124363,1.170442292,1.16961038,2.904389199,0.997132331,1.1884948,2.647362504,1.247540346,0.994482583,2.934931054,0.926176605,1.065209107,2.575160513,1.193288266,0.883449453,2.843544673,0.90946473,0.98890185,-0.015671007,-0.32586032,0,0,0,0,0,0,0,0,0,1,1,i
4/6/18 16:25,zoe,1.027255667,4.209473111,9.551222222,0,1.464681107,1.336915511,1.004215111,4.165684333,1.217027789,1.135727444,4.194174,1.244440444,1.007869778,4.139141556,1.169230422,1.180721,4.191314444,1.128739267,1.033597667,4.120320333,1.077731267,1.199639778,4.172562,0.979389944,-0.346296222,0.351710289,0,0,0,0,0,0,0,0,0,0,0,i
4/6/18 16:26,ben,2.824192697,1.0534854,3.494933333,0,-1.117905796,1.280103647,2.721494679,1.184889,1.04066406,2.911781253,0.9698162,1.0581023,2.648138629,1.2348964,0.868304827,2.93817626,0.8849868,0.917345693,2.56000824,1.0947528,0.7626153,2.824751109,0.899717533,0.980433847,0.46455742,-0.188771537,0,0,0,0,0,0,0,1,0,1,1,i
4/6/18 16:26,mia,1.204346818,3.599444901,0,0,-1.007914022,1.7439753,1.319036814,3.652763641,1.5663301,1.17157829,3.721943738,1.50239381,1.33266451,3.756079668,1.3796546,1.079149072,3.71508741,1.3222407,1.259206818,3.823892097,1.52837629,1.14157434,3.754060533,1.0342835,-0.1976981,-0.1957647,0,0,0,1,0,0,0,1,0,1,0,i
4/6/18 16:26,sue,1.854582567,3.081951,31.01966667,0,-0.24605259,1.489587613,1.7889841,3.064934333,1.30502435,1.960525633,3.077045833,1.337224017,1.755262367,3.037443833,1.149809917,1.951883733,3.018433,1.186129733,1.751055517,3.0001715,1.024226583,1.871358,2.946052667,1.039887517,-0.092291617,0.20541561,0,1,1,1,0,0,0,0,0,1,0,i
4/6/18 16:26,zoe,1.090462833,4.182901667,6.408,0,1.464681107,1.415046938,1.047761833,4.124257,1.317077733,1.208317167,4.178666167,1.324970933,1.011708333,4.116488167,1.216512183,1.237619,4.1711175,1.213873883,1.052534333,4.085408167,1.16416345,1.234849833,4.141308,1.074239567,-0.099450021,0.108785533,0,1,0,0,0,0,0,1,0,0,0,i
4/6/18 16:27,ben,2.789419609,1.112111894,17.819,0,-1.228706802,1.343145987,2.717585923,1.2455308,1.14123444,2.901357323,1.079132252,1.167561459,2.69322718,1.235591697,1.055158033,2.899183123,0.983448739,1.072238761,2.642969748,1.17811972,1.040423947,2.855924102,0.985684359,1.168716033,0.051134685,-0.156598515,0,0,0,1,0,0,0,1,1,1,1,i
4/6/18 16:27,kim,2.168886214,1.117865714,7.772714286,0,1.284314935,1.408688771,1.933638943,1.038389286,1.298307414,2.129185271,1.299311286,1.160048443,1.816765557,0.97323,1.242369829,2.065339057,1.384672429,0.999773857,1.815829686,1.043772714,0.962526829,2.0069537,1.312412,0.7500125,0.055306299,0.024653426,0,0,1,1,0,0,0,1,0,1,1,i
4/6/18 16:27,sue,2.1611475,1.126131,39.445,0,-1.076637511,1.4498044,1.9483415,1.060174,1.322229,2.1831848,1.223555,1.2178903,1.9240595,0.996155,1.0860445,2.2376326,1.157023,0.9980395,1.8738828,1.033321,0.8108213,2.3156478,0.937409,0.862706,0.195443,-0.3374505,0,0,1,1,0,0,0,0,1,1,1,i
4/6/18 16:27,zoe,2.266188992,2.095956462,21.51676923,0,0.009320201,1.388174198,2.234987013,1.998462692,1.224050885,2.437607542,2.104154769,1.223415423,2.170624261,1.997174077,1.122817515,2.487148986,2.114112692,1.119568562,2.164676378,2.003267385,1.143742708,2.423345416,2.040822846,1.087828131,-0.286279339,0.036235651,0,0,1,0,0,0,0,1,1,0,0,i
4/6/18 16:28,ben,2.745212381,1.000105696,18.89846667,0,-0.266266142,1.353006838,2.672511824,1.050198178,1.151748651,2.83920463,0.936515861,1.163729291,2.724596516,0.945243395,1.082960686,2.836798081,0.843413695,1.065270369,2.748940509,0.925315693,1.082237847,2.689020047,0.839539628,0.996681647,0.073444222,-0.092321714,0,0,0,1,0,0,0,0,0,1,1,i
4/6/18 16:28,zoe,2.067894917,1.29264,15.3575,0,-0.892791549,1.454649218,1.965478317,1.2361455,1.240757867,2.213897133,1.363134167,1.25378,1.9144587,1.228688833,1.07565385,2.266317867,1.316956667,1.097678867,2.0916917,1.140999667,1.05020025,2.2089493,1.193681167,1.10518515,-0.15294469,0.07444191,0,0,1,0,0,0,0,0,0,0,0,i
4/6/18 16:29,ben,2.546777532,1.476661105,13.02870833,0,-0.264980567,1.485586679,2.536840801,1.553480722,1.313719358,2.625884137,1.411519017,1.319481887,2.567870479,1.457331542,1.29750665,2.604554647,1.272217156,1.354763304,2.559866016,1.488093252,1.237300712,2.567301318,1.312033375,1.194079469,0.162958058,-0.247714328,0,0,0,0,0,0,0,0,0,0,0,i
4/6/18 16:30,ben,2.534486014,1.570406477,4.89204,0,-0.158231186,1.52583476,2.507957446,1.672889783,1.377611912,2.582325365,1.525007289,1.381399992,2.492869257,1.625085863,1.286779492,2.554886833,1.411993731,1.440285416,2.533255898,1.559228086,1.268207306,2.590306,1.420725805,1.236272859,0.23104441,-0.306646667,0,1,0,0,0,1,0,0,0,1,1,i
4/6/18 16:30,ken,2.422072572,2.19351807,135.011,0,-0.071851691,1.8484016,2.455299652,2.277901293,1.6412672,2.437849871,2.222291938,1.647671875,2.49881754,2.274723385,1.448119333,2.399271943,2.259166301,1.504321785,2.366897771,2.265128082,1.744578125,2.50264356,2.292969532,1.555129325,-0.32945535,-0.2225297,0,1,1,0,0,0,0,0,0,1,1,i
4/6/18 16:30,mia,2.228389318,3.365202344,0,0,1.178877011,1.61957525,2.361556342,3.44470437,1.3944617,2.132154747,3.218273202,1.4143359,2.430915508,3.483817682,1.1767164,2.155704073,3.081503663,1.1448075,2.18658174,3.354453231,1.0788256,2.027584736,3.336514156,1.2894387,0.09494225,0.5350605,0,0,1,0,0,1,0,0,0,0,0,i
4/6/18 16:31,ben,2.849509767,1.0411502,2.319466667,0,1.127364275,1.27897982,2.748572695,1.191925667,1.076349693,2.94994064,0.994239067,1.095774867,2.654797455,1.017935133,0.98346936,2.906680533,0.884190267,1.223607553,2.848865133,0.9056622,0.977700967,2.703742107,0.916492,1.043862133,-0.080149408,-0.396083433,0,0,0,0,0,1,0,0,0,1,1,i
4/6/18 16:31,ken,1.900987616,2.840638321,60.39766667,0,-0.866709494,1.458509211,1.881761022,2.813361028,1.315429154,2.012074977,2.821647958,1.307664427,1.83216209,2.80310445,1.223084278,1.994721541,2.796347595,1.154642031,1.799795466,2.81102967,1.109429911,1.95361844,2.800902733,1.079816253,-0.27632714,0.139253356,0,0,1,0,0,0,0,0,0,0,0,i
4/6/18 16:32,ben,2.821044703,1.025452077,1.436538462,0,1.463078664,1.2558913,2.726346897,1.179609538,1.042741246,2.951055254,0.993489231,1.095384969,2.666609448,1.037068231,0.946748823,2.900249969,0.890548615,1.226623892,2.631868482,0.920141,1.061786938,2.66103228,0.925121385,1.0405786,-0.148977485,-0.490906977,0,0,0,0,0,0,0,0,0,1,1,i
4/6/18 16:32,zoe,1.032125,4.206605,0,0,-1.50472065,1.2846453,1.028791,4.155997,1.2314808,1.122036,4.19525,1.2781024,1.044534,4.17416,1.0981624,1.197228,4.203407,1.1977394,1.082471,4.176179,1.2930309,1.085096,4.146954,1.1410292,0.3465007,-0.1371053,0,0,0,0,0,0,0,0,0,0,0,i
4/6/18 16:33,ben,2.817255669,1.0209372,2.413066667,0,1.425543157,1.250487473,2.72244398,1.1791752,1.055052467,2.9540963,0.991624267,1.092233147,2.745344777,0.958135467,0.995210933,2.837046617,0.877568333,1.151950307,2.655459878,0.919746867,1.035618687,2.792797789,0.8959488,0.96633116,-0.173403527,-0.573948793,0,0,0,0,0,0,0,0,0,1,1,i
4/6/18 16:33,ken,1.382405167,4.184081,14.606,0,-1.495146929,1.307311217,1.261735167,4.146313833,1.0727862,1.448819333,4.110164833,1.174720083,1.3108775,4.054869333,0.96795705,1.439213833,4.081139167,1.0402989,1.398938,4.104665833,1.100386533,1.408655333,4.078790167,1.035127883,-0.22313245,0.13298357,0,0,0,0,0,0,0,0,0,0,0,i
4/6/18 16:34,ben,2.826501907,1.0307998,1.945866667,0,1.433195705,1.264075867,2.728553292,1.1571532,1.108994107,2.950409667,0.992956733,1.09252862,2.770391309,0.963655733,1.00641568,2.776212935,0.889738733,1.038240147,2.682185301,0.914022667,1.018834373,2.939261647,0.866726,0.899725833,-0.15032982,-0.55519218,0,0,0,0,0,0,0,0,0,1,1,i
4/6/18 16:34,ken,1.227933333,4.201786467,10.92466667,0,-1.495146929,1.361708313,1.1930748,4.1232952,1.27168134,1.316225267,4.164703933,1.24396678,1.1985792,4.122067067,1.17190826,1.336525067,4.153078533,1.115886253,1.217474733,4.118454867,1.094415893,1.3415898,4.147725867,0.973272407,-0.177779978,0.352861613,0,0,0,0,0,0,0,0,0,0,0,i
4/6/18 16:35,ben,2.91327712,1.052531133,3.900733333,0,1.363709112,1.2640596,2.788547629,1.160790667,1.075470593,2.996889393,0.985566667,1.052546053,2.710215746,1.1265522,0.881953993,2.99121906,0.883619133,0.918688953,2.762422103,0.898807733,1.015524547,2.776723567,0.9020576,1.018267087,0.27622244,0.139762133,0,0,0,1,0,0,0,0,0,1,1,i
4/6/18 16:35,ken,1.185066111,4.199699556,11.17711111,0,-1.495146929,1.368358589,1.149079667,4.128278778,1.2528168,1.272461889,4.173649,1.250758167,1.123445222,4.119470667,1.126763678,1.293553889,4.170285889,1.142836589,1.175867444,4.133644556,1.166193378,1.332357444,4.166427,0.975569622,-0.122719486,0.270921944,0,0,0,1,0,0,0,0,0,0,0,i
4/6/18 16:35,zoe,1.387295848,3.317847281,72.4917,0.1,-0.912555452,1.620568545,1.385607809,3.284898031,1.490173871,1.402929996,3.322554318,1.486461758,1.409130634,3.25344155,1.337490563,1.394290847,3.322600633,1.354147447,1.482398191,3.241960381,1.234340637,1.410495502,3.27965674,1.192004973,-0.01029154,0.229272563,0,0,1,0,0,1,0,0,0,0,0,i
4/6/18 16:36,ben,2.876452879,1.0360495,0.835857143,0,1.560888611,1.250205414,2.774858265,1.155439714,1.05554375,2.993310957,0.984905786,1.052307536,2.699881326,1.176311071,0.850732993,2.989169743,0.883547143,0.9168069,2.793444669,0.874313571,0.952475421,2.757656696,0.881615357,0.975545371,0.31448075,0.502472836,0,0,0,1,0,0,0,0,0,1,1,i
4/6/18 16:36,zoe,1.123350142,3.355984741,21.32479167,0,-0.814834559,1.554514014,1.119065692,3.304779854,1.455891227,1.160562409,3.37355808,1.424605396,1.127479495,3.31870105,1.343171363,1.170871007,3.397411503,1.318328768,1.172710932,3.344775161,1.25808082,1.224245723,3.375316842,1.19627304,-0.14527869,0.176504787,0,0,1,0,0,0,0,0,0,0,0,i
4/6/18 16:37,ben,2.903806993,1.067255133,3.323666667,0,-1.067479463,1.27032102,2.790343556,1.163081,1.063860913,2.9878428,0.995486067,1.05201334,2.694883977,1.153487333,0.930113847,2.993554453,0.886288067,0.928189387,2.749877852,0.921742733,1.00870108,2.72588495,0.9106314,1.044936987,0.36881194,0.67722648,0,0,0,0,0,0,0,0,0,1,1,i
4/6/18 16:37,zoe,1.359088963,4.327690417,6.9955,0,-1.425422814,1.445453689,1.432904164,4.314117774,1.307317019,1.356412303,4.342862665,1.300846663,1.484966866,4.317174754,1.204088481,1.346380798,4.351668964,1.203452291,1.334183021,4.366355252,1.171137469,1.360992082,4.360813101,1.387924969,0.039569175,-0.35303415,0,0,0,0,0,0,0,0,0,0,0,i
4/6/18 16:38,ben,2.883556607,1.056112929,1.622428571,0,-1.471742764,1.264278657,2.773863105,1.163779071,1.059282736,2.981861543,0.989014929,1.046540714,2.699888434,1.214924357,0.887384993,2.988482764,0.881148643,0.916425693,2.740729034,0.932958714,1.0017438,2.750023395,0.898985929,0.996216593,0.307304986,0.610210714,0,0,0,0,0,0,0,0,0,0,0,i
4/6/18 16:39,ben,2.693785967,0.995045227,11.56046667,0,-1.205574546,1.263909353,2.617201861,1.062976267,1.071692853,2.811658304,0.921139067,1.060225713,2.584200877,1.01063828,0.900781187,2.826593089,0.816968353,0.93535802,2.59751114,0.869728647,0.90016622,2.703599216,0.853510407,0.90454334,-0.017625387,0.259143905,0,0,0,1,0,0,0,0,0,1,1,i
4/6/18 16:39,ken,1.251331,4.240035,0,0,-1.495146929,1.4286492,1.178808,4.107669,1.2722994,1.347665,4.187908,1.2635905,1.08554,4.129371,1.1182878,1.388201,4.196191,1.1108544,1.035672,4.193311,1.0382739,1.350749,4.142993,0.9207329,-0.05258423,0.8065379,0,0,0,1,0,0,0,0,0,0,0,i
4/6/18 16:39,zoe,1.21907092,2.45713628,13.9758,0,-1.254516876,1.68704566,1.31659017,2.42918325,1.536976305,1.071971379,2.46871238,1.529975802,1.353932675,2.450139481,1.3465485,1.03049813,2.538388766,1.41072102,1.329141746,2.72127575,1.30672988,1.107888833,2.690646254,1.3037501,0.143964868,-0.466874888,0,0,1,0,0,1,0,0,0,0,0,i
4/6/18 16:40,ben,2.341823357,1.106117886,4.868875,0,-0.965614004,1.363487175,2.319769962,1.06753339,1.173056538,2.432589971,1.057572895,1.137334101,2.4377096,0.943628658,1.048929681,2.497608124,1.03587944,0.999665731,2.491029315,0.956622476,1.072304113,2.448900515,1.140301503,0.905194369,-0.271299671,-0.448131344,0,0,0,1,0,1,0,0,0,1,1,i
4/6/18 16:40,ken,1.864345329,3.397775857,28.84614286,0.142857143,-1.176817828,1.462224621,1.827184229,3.410219286,1.3468238,1.982973986,3.373463857,1.3867159,1.829533657,3.388864,1.349389487,2.038043786,3.367241571,1.305571929,1.817924143,3.387046,1.319033884,1.995150871,3.318038,1.307415586,-0.097263229,0.191796184,0,0,1,1,0,0,0,0,0,1,0,i
4/6/18 16:40,zoe,1.197828713,2.380222168,3.316428571,0,-1.035469827,1.733572323,1.280768682,2.367084379,1.583108409,1.050176512,2.377755298,1.586966131,1.322270226,2.357053512,1.401169743,0.985397984,2.420039299,1.468974243,1.264711304,2.533704376,1.3964464,1.089060684,2.51323528,1.3639814,0.038828838,-0.152409097,0,0,1,0,0,1,0,0,0,0,0,i
4/6/18 16:41,ben,2.582591962,0.889868188,7.5361875,0,-1.149606897,1.316631438,2.500772156,0.9253895,1.109534219,2.702447978,0.841272063,1.121318269,2.638881776,0.777138625,1.026190694,2.762539113,0.84879875,0.964436644,2.742422921,0.840223094,1.10542645,2.630570432,0.894210688,0.906359338,-0.135910452,-0.513097519,0,0,0,0,0,0,0,0,0,0,0,i
4/6/18 16:42,ben,2.802062601,1.0744284,7.8494,0,-1.241706233,1.260788233,2.688256678,1.179313067,1.070459807,2.922850687,1.019104933,1.0539444,2.611370252,1.152983667,0.89542944,2.965528327,0.945349333,0.90822672,2.574507001,1.000296933,0.912380873,2.804739721,0.951427067,0.968361947,0.438737167,-0.052179236,0,0,0,1,0,0,0,0,0,1,1,i
4/6/18 16:42,zoe,2.43166974,2.9183405,105.492,0,-1.020150848,1.47104161,2.319553595,2.9224105,1.36050555,2.54522975,2.849804,1.34356965,2.2759756,2.9345235,1.20159855,2.5111655,2.7635355,1.23307665,2.27265225,2.9462585,1.02989815,2.5017918,2.7828055,1.277183685,0.03259985,-0.12591725,0,0,1,0,0,0,0,0,0,0,0,i
4/6/18 16:43,ben,2.759984815,1.057788467,2.818,0,-1.093294179,1.238375447,2.666494467,1.180287267,1.019644367,2.9032297,1.014361067,1.031893347,2.622310577,1.079240333,0.862805093,2.949361227,0.9402226,0.889436973,2.642082405,1.072829867,0.9325747,2.802001317,0.9463454,0.80053792,-0.173471277,0.35260658,0,0,0,0,0,0,0,0,1,1,1,i
4/6/18 16:43,kim,0.757367006,2.654383735,48.90477778,0.111111111,-0.014589292,1.789134689,1.070490327,2.414407473,1.61040743,0.751887145,2.755380084,1.583140421,1.126373774,2.429800046,1.451631976,0.766074484,2.844623611,1.4285569,1.108669926,2.638490391,1.448822254,0.859403159,2.789917072,1.331317354,0.612567091,-0.199188419,0,0,1,0,0,0,0,0,0,0,0,i
4/6/18 16:44,ben,2.792182621,1.110342062,3.96725,0,-1.168650367,1.272658969,2.673695409,1.212757188,1.032541881,2.897529881,1.02566275,1.044176156,2.636116231,1.165600188,0.838153163,2.941490256,0.938524062,0.907708525,2.585346164,1.007021562,0.799853825,2.933134089,0.853177313,0.776053156,0.130679525,0.407219556,0,0,0,1,0,1,0,0,1,1,1,i
4/6/18 16:44,ken,1.223391291,2.051210834,22.65371429,0,-0.534602488,1.949353714,1.261902393,1.918581398,1.779987014,1.177234044,2.068255886,1.760957129,1.294250225,1.859356207,1.613876417,1.164913191,2.08750636,1.639467514,1.338292333,1.896437985,1.464228465,1.148990645,2.044868258,1.521961394,0.042647381,0.199761777,0,0,1,1,0,0,0,0,1,1,1,i
4/6/18 16:44,kim,0.885176282,2.395272222,16.3945,0,0.945913208,1.945876765,1.013379363,2.420638914,1.753614187,0.838093335,2.459365365,1.720758137,1.095837851,2.396604163,1.612116746,0.848618163,2.475373388,1.547273146,1.110336385,2.398902304,1.59199758,0.846340021,2.465748951,1.581836716,0.244905203,-0.189689738,0,0,1,1,0,1,0,0,0,1,0,i
4/6/18 16:44,zoe,2.2671957,1.273818778,38.67222222,0,-0.37523183,1.347193722,2.193314467,1.230364333,1.184185822,2.442250611,1.337361556,1.204330878,2.183926078,1.161444444,1.103947511,2.476600756,1.317136222,1.083126578,2.260043367,1.131531333,1.020962622,2.348072011,1.146853333,1.025315489,-0.239519156,-0.12988596,0,0,1,0,0,1,0,0,1,0,0,i
4/6/18 16:45,ben,2.763142288,1.0922288,5.8482,0,-1.223967796,1.27078834,2.661321163,1.2402546,1.053180387,2.875406487,1.0312946,1.07166576,2.669792536,1.0226482,1.034820213,2.888234611,0.9378542,0.9345455,2.885927799,0.99712,1.039362433,2.728484125,0.891099667,0.889691927,-0.030955275,-0.167207045,0,0,0,0,0,1,0,0,1,1,1,i
4/6/18 16:45,ken,2.074356664,2.833768004,68.929125,0,-0.549359564,1.69166017,2.134228322,2.777497159,1.489707731,2.073467915,2.756699095,1.507745283,2.113549845,2.811485175,1.298959424,2.06088193,2.790450663,1.3514349,2.024891585,2.760059406,1.302350753,2.064260869,2.930047176,1.252320481,-0.157834272,0.052700468,0,0,1,0,0,0,0,1,1,1,1,i
4/6/18 16:45,kim,3.1704947,2.29398554,35.18542857,0,0.622417659,1.358074063,3.123433601,2.353858698,1.261124214,3.140660459,2.255142452,1.236223881,3.036730604,2.29508918,1.156537709,3.118001008,2.201827828,1.176742487,2.966958917,2.173690182,1.055661957,3.164213304,2.184494171,1.131274996,0.483017938,0.007945657,0,0,1,0,0,1,0,1,0,1,1,i
4/6/18 16:45,sue,1.341662,3.997796,102.976,0,-0.272431516,1.498201566,1.2170345,3.8998255,1.3740958,1.387185,3.971422,1.35331175,1.197765,3.8634115,1.2290309,1.3336495,3.8609525,1.23848775,1.25553,3.932402,1.213681,1.351621,3.897053,1.28033507,0.14050579,0.22698991,0,0,0,0,0,1,0,0,1,0,0,i
4/6/18 16:46,ben,2.765023062,1.082993467,4.251733333,0,-1.369490714,1.258215513,2.656792705,1.214385067,1.04091082,2.882405333,1.027151133,1.0515014,2.635116335,1.0781548,0.896726733,2.900717675,0.9525388,0.916673313,2.608417372,1.059333133,0.887828853,2.652911479,0.9255158,0.942252613,-0.048329233,0.042065614,0,0,0,0,0,0,0,1,1,1,1,ckim
4/6/18 16:46,ken,1.761095433,3.95512309,61.216,0,-0.400216607,1.475026897,1.700280509,3.925252735,1.393442967,1.885637611,3.949713132,1.393018738,1.679139431,3.903169269,1.266637667,1.89505923,3.95458248,1.283964317,1.668389273,3.91931993,1.131041433,1.903162689,3.93997382,1.132630733,-0.185948677,0.146990131,0,0,0,0,0,0,0,1,1,0,0,i
4/6/18 16:46,kim,3.837815125,1.80017075,1.985125,0,-1.443423456,0.897555094,3.662457256,1.875689375,0.948183063,3.633657925,1.70161525,0.870951056,3.533889625,1.756324438,0.874639838,3.644675869,1.596647875,0.808287813,3.399996344,1.617345688,0.719549481,3.737882325,1.714164937,0.89955625,1,-0.256192313,0,0,1,0,0,1,0,1,0,1,1,cben
4/6/18 16:46,sue,1.399891869,3.376031355,27.4612,0,0.761077526,1.587413439,1.338273324,3.305168038,1.469425,1.489716343,3.331674333,1.43414209,1.285098754,3.2939166,1.31584466,1.489988845,3.295514165,1.323201436,1.296686908,3.284447246,1.203517051,1.441485744,3.283556143,1.21173388,0.037054327,0.390242329,0,0,1,0,0,1,0,0,1,0,0,i
4/6/18 16:47,ben,2.742750031,1.049276133,0.738466667,0,-1.52040477,1.226906433,2.657998699,1.172880667,1.008271227,2.887089847,1.023041267,1.039362633,2.62390129,1.0853012,0.817136673,2.94168812,0.952422867,0.89819118,2.44436436,1.066312467,0.78875998,2.671940012,0.900056867,0.9572104,-0.094166932,-0.090742586,0,0,0,0,0,1,0,1,1,1,1,ckim
4/6/18 16:47,ken,1.723055642,3.361709573,17.06521429,0,-1.050585949,1.480885727,1.65373437,3.295311845,1.374952227,1.848756245,3.329332476,1.356348232,1.647244472,3.278554412,1.231431493,1.836060388,3.335532022,1.263159175,1.607956376,3.340944235,1.119057077,1.767039721,3.358077523,1.197162113,0.017609579,0.327387324,0,0,1,0,0,0,0,1,1,1,0,i
4/6/18 16:47,kim,3.8579634,1.7991508,2.167466667,0,-1.436852773,0.900338787,3.666072527,1.8720028,0.94869022,3.698934027,1.6937884,0.884011747,3.5404529,1.755885733,0.878024333,3.623094587,1.606773133,0.809333007,3.39729256,1.6176614,0.725524687,3.72985464,1.6321352,0.884282287,1,-0.1378629,0,0,1,0,0,1,0,1,0,1,1,cben
4/6/18 16:47,sue,2.133159732,3.095580289,23.36530769,0,0.022346917,1.787732486,2.193330498,3.151365632,1.562238276,2.06150137,3.184150646,1.548818497,2.202833933,3.114642716,1.354682724,2.001595901,3.071614372,1.358849612,2.142611383,3.042278101,1.210428972,1.89947961,3.035774579,1.22765699,-0.041040595,-0.216372958,0,0,1,0,0,1,0,0,1,0,0,i
4/6/18 16:48,ben,2.74854981,1.049981929,3.8685,0,0.414402228,1.236594657,2.659437469,1.158761571,1.044127629,2.900913386,1.036625429,1.070124057,2.668212141,1.049400786,1.085186957,2.942019793,0.963352714,0.926842471,2.789337686,1.037508357,1.030501857,2.753854174,0.909014857,0.959219121,-0.022297268,-0.132836544,0,0,0,1,0,1,0,1,1,1,1,ckim
4/6/18 16:48,ken,2.029996403,2.871937353,35.74217647,0,-0.899971324,1.441535591,1.935537712,2.834362941,1.264756641,2.15959062,2.837408118,1.266828853,1.876025988,2.771594235,1.103763194,2.148071093,2.820922412,1.132022806,1.851819688,2.657379647,1.037077376,2.080949441,2.849001353,1.060629571,-0.107463335,0.295231168,0,0,1,1,0,0,0,1,1,1,1,i
4/6/18 16:48,kim,3.236675633,1.69265205,2.882333333,0,-0.153723217,1.1529927,3.108875633,1.694993167,1.096450483,3.1713841,1.581419033,1.04833975,3.036236067,1.590642217,0.9704809,3.158340183,1.534873683,0.947136867,3.043175233,1.510841817,0.921171333,3.20504925,1.486058233,0.906210183,0.517681042,-0.084785183,0,0,1,1,0,1,0,1,0,1,1,cben
4/6/18 16:48,sue,2.375020032,3.227262281,27.779,0,1.195022864,1.8663721,2.414202249,3.380759367,1.638505914,2.254522441,3.289672647,1.652842354,2.421887333,3.370004274,1.444305356,2.264543689,3.134769492,1.518241498,2.543368309,3.299275292,1.40628747,2.158758098,2.880235879,1.3099595,0.0645816,-0.23770018,0,0,1,1,0,1,0,0,1,1,1,i
4/6/18 16:48,zoe,1.968803471,3.498210536,51.75685714,0,-0.570561766,1.641218482,1.96986503,3.51274425,1.488234777,1.955943692,3.495342543,1.468327154,1.969388103,3.503919756,1.357166762,1.959220833,3.507976474,1.332403741,1.960074013,3.5004328,1.227743095,1.993811671,3.482679985,1.238840371,-0.242361749,-0.130945288,0,0,1,0,0,1,0,1,1,0,0,i
4/6/18 16:49,ben,2.736925116,1.037865267,1.062733333,0,0.945282763,1.226434173,2.661019265,1.1406694,1.041743233,2.909808953,1.034646467,1.077047053,2.691850679,0.991228067,1.199986833,2.956531627,0.962520533,0.933466247,2.903892573,0.982786467,1.02220672,2.686260579,0.883527,0.946892973,0.010004818,-0.222625013,0,0,0,1,0,1,0,1,0,1,1,tprinter
4/6/18 16:49,ken,2.204563808,2.839744515,29.181,0,-0.693509278,1.496112442,2.133110436,2.779535932,1.315557286,2.278834114,2.751371086,1.309169271,2.087577696,2.7229542,1.163361032,2.227914031,2.751623636,1.201981614,2.064912362,2.767081635,1.121913249,2.160345038,2.793582254,1.174596476,-0.161898417,0.406426788,0,0,1,1,0,0,0,1,0,1,1,i
4/6/18 16:49,sue,1.75320205,3.784677,0,0,-0.998655549,1.52834364,1.7091977,3.7658085,1.297567,1.9024701,3.7085975,1.32184305,1.613225,3.7300865,1.08518,1.912209,3.6249535,1.14258375,1.645242,3.6634915,0.88341855,1.70109795,3.6359605,1.0836033,-0.3311668,0.1854721,0,0,1,1,0,1,0,0,0,0,0,i
4/6/18 16:49,zoe,2.590294642,3.450053591,44.23413333,0,0.488833766,1.823059759,2.676741896,3.556287678,1.597519727,2.499419034,3.460610658,1.599858229,2.694271571,3.567948429,1.386266443,2.472148687,3.432171139,1.39697037,2.649047987,3.534923995,1.237520343,2.469833095,3.379486343,1.228981339,-0.004556411,-0.217015023,0,0,1,0,0,1,0,1,0,0,0,i
4/6/18 16:50,ben,2.752681834,1.064214538,1.323615385,0,0.945282763,1.244991723,2.662181037,1.164666231,1.060351646,2.9125605,1.036928923,1.078551969,2.692959261,1.005771385,1.207647854,2.960797862,0.971736923,0.930941438,2.883996131,1.016959769,1.085455162,2.696272037,0.882386692,0.940368015,0.024408502,-0.085359584,0,0,0,0,0,1,0,1,0,1,1,tprinter
4/6/18 16:50,ken,2.497648395,1.638004679,137.193,0,-1.230634212,2.1563633,2.58267148,1.632434661,1.94883675,2.356219343,1.713328114,1.9302011,2.549285116,1.59630834,1.7526631,2.333087803,1.721418779,1.7243267,2.699565672,1.591713986,1.581709443,2.192980823,1.759326359,1.47626137,-0.14825015,0.09117486,0,0,1,0,0,0,0,1,0,1,1,i
4/6/18 16:50,sue,2.30342395,2.6701635,96.682,0,0.057811173,1.503726535,2.21257505,2.57672,1.27932095,2.3870475,2.5713545,1.3068115,2.2850597,2.526659,1.16468345,2.46619995,2.5491815,1.1661594,2.3179844,2.61785,0.9860093,2.4787408,2.6509755,1.00772595,-0.1707699,0.27167215,0,0,1,0,0,1,0,0,0,0,0,i
4/6/18 16:51,ben,2.744659961,1.0534422,1.394533333,0,0.945282763,1.2350645,2.660420219,1.153271133,1.04177252,2.90808932,1.036681467,1.053774107,2.677458531,1.016114667,1.18212716,2.968572713,0.960699733,0.915819527,2.855940205,1.013161667,1.067020793,2.688071903,0.882791267,0.942008433,0.012237677,-0.115769987,0,0,0,0,0,0,0,0,0,1,1,tprinter
4/6/18 16:51,ken,1.822275274,3.943959684,78.7605,0,-0.739377735,1.52376726,1.856229098,3.925894293,1.34081499,1.838545049,3.924545821,1.347077254,1.876912166,3.911080065,1.18170423,1.880413542,3.939690818,1.19516725,1.838684934,3.928649134,1.064374045,1.94266711,3.944797307,1.096898997,-0.339749338,-0.120688367,0,0,0,0,0,0,0,0,0,0,0,i
4/6/18 16:52,ben,2.787467801,1.088057214,2.731571429,0,0.104035218,1.253673607,2.678172779,1.169265214,1.058677307,2.921758493,1.045191786,1.060015693,2.686563914,1.002621714,1.135006021,2.97828155,0.970491357,0.917083014,2.827024714,0.970964214,1.033702343,2.7190155,0.919375286,0.9549568,0.124164551,0.004912375,0,0,0,1,0,0,1,0,0,1,1,tprinter
4/6/18 16:52,pat,2.86567554,1.171201127,1.984,0,-1.261855892,2.0706796,2.970316603,1.161630457,1.8593742,2.762139164,1.222917918,1.8487248,3.067657615,1.032061096,1.6645877,2.662723272,1.238611957,1.65313523,3.083364482,1.005429979,1.4203084,2.620407753,0.98247769,1.7986565,-0.04254119,0.5063274,0,0,1,1,0,0,0,0,0,1,1,i
4/6/18 16:52,zoe,2.4569114,2.580284,113.3576667,0,1.263161549,1.48285649,2.3910623,2.493071,1.267320133,2.566518133,2.550825333,1.307446767,2.3943677,2.443702333,1.1043447,2.5615823,2.513854,1.128739367,2.386195087,2.534722,0.958581,2.5778888,2.563536667,1.072137667,-0.327838267,-0.334233967,0,0,1,0,0,0,1,0,0,0,0,cben
4/6/18 16:53,ben,2.830029284,1.086135,7.1145,0,-0.567056332,1.274272557,2.704758017,1.196403929,1.080854143,2.933708679,1.038669,1.07856885,2.620532509,1.239892714,0.9049371,2.972449579,0.956450286,0.93282415,2.595393334,0.936576429,0.978154379,2.816703956,0.895533643,0.8846372,0.29964,-0.183690051,0,0,0,0,0,1,1,0,0,1,1,tprinter
4/6/18 16:53,ken,2.2563137,1.277016,0,0,-1.260771316,1.4507785,2.1612882,1.211402,1.2108152,2.3662686,1.400242,1.2491675,2.1753887,1.164443,1.0489469,2.4097787,1.476874,1.0521921,2.3799828,1.044136,0.9915961,2.4936498,1.297149,1.0020254,-0.1129581,-0.1947658,0,0,1,0,0,0,1,0,0,1,1,i
4/6/18 16:53,pat,2.844809008,1.137052903,6.131,0,1.01970305,2.0794803,2.963054449,1.15959142,1.8800218,2.760630874,1.21996007,1.8456022,3.030398595,1.02028828,1.671212,2.650660774,1.235705166,1.63879512,3.078338662,1.006132934,1.3891701,2.619883834,0.936476856,1.8188218,0.03313096,0.4356692,0,0,1,0,0,1,0,0,0,0,0,i
4/6/18 16:54,ben,2.821969277,1.080250667,3.6786,0,0.686534278,1.25855002,2.704562996,1.163969867,1.093171613,2.944199453,1.0488268,1.07769752,2.651400936,0.9841766,1.008681313,2.984402927,0.9713742,0.931542913,2.691540915,0.885475867,1.059740927,2.705283844,0.913737333,1.021740393,0.254914687,-0.171714634,0,0,0,0,0,0,0,0,0,0,0,tprinter
4/6/18 16:55,ben,2.809340823,1.068977867,2.553,0,1.469636314,1.251352353,2.704242926,1.154828733,1.083716493,2.94374916,1.04646,1.074507867,2.645647971,0.989837133,0.9666395,2.9803684,0.968914933,0.930131533,2.720878386,0.883797,1.016834613,2.709058024,0.910288933,1.005450733,0.244104207,-0.270220313,0,0,0,1,0,0,0,0,0,1,1,czoe
4/6/18 16:55,zoe,1.223570547,2.293902225,15.0515,0.142857143,-0.799831761,1.739275229,1.319230597,2.232461569,1.621430163,1.099351015,2.302809407,1.606057389,1.357608168,2.229571935,1.490857061,1.036556007,2.358468397,1.493620209,1.40167713,2.374225471,1.407152102,1.067301217,2.486219646,1.417073875,-0.121540774,0.275826339,0,0,1,0,0,0,0,0,0,0,0,cben
4/6/18 16:56,ben,2.814484521,1.068000357,3.797857143,0,-0.872990989,1.22991855,2.703718216,1.154382929,1.061164764,2.948881043,1.036468214,1.070711729,2.657196946,0.974830214,0.970557321,2.990082986,0.95609,0.921335186,2.710115109,0.892865,1.004047486,2.754209945,0.911601357,0.986227279,-0.208233386,-0.095583366,0,0,0,1,0,0,1,0,0,1,1,czoe
4/6/18 16:56,pat,2.810726488,1.093545562,2.531,0,1.49300495,2.0556313,2.935302911,1.154755954,1.8752532,2.750925683,1.19472541,1.8496246,3.053790344,1.039254352,1.6758175,2.667462393,1.23096878,1.62039697,3.073615755,1.001428336,1.3959801,2.670630472,1.00221056,1.796166,0.01853346,0.4275955,0,0,1,1,0,0,0,0,0,1,1,i
4/6/18 16:56,zoe,1.21927323,2.317340719,31.29808333,0.083333333,-1.116684688,1.763894817,1.302246795,2.257575035,1.629611975,1.089815417,2.344404346,1.622063144,1.344528323,2.271912209,1.475686177,1.047146127,2.410688067,1.493466702,1.470509539,2.454631112,1.442557076,1.126916825,2.519620193,1.348118075,0.012255304,0.312580699,0,0,1,0,0,0,1,0,0,0,0,cben
4/6/18 16:57,ben,2.821897863,1.075032533,2.159466667,0,-1.307456438,1.23434274,2.706586202,1.150773,1.084391947,2.951319313,1.030215067,1.066825833,2.635361451,0.947908267,1.004832647,2.985871333,0.957293133,0.914893693,2.785612357,0.9049004,0.919949473,2.706521569,0.910950267,0.979437533,-0.433349807,0.054456129,0,0,0,1,0,0,0,0,0,1,1,czoe
4/6/18 16:57,zoe,1.160236351,2.237987794,9.00075,0,-1.003037115,1.79407825,1.233577589,2.171019657,1.648856234,1.049654035,2.32679601,1.628044461,1.299370976,2.138895331,1.522262284,1.046783596,2.381458002,1.492116818,1.320300633,2.315337467,1.516696524,1.17474999,2.419774433,1.388426143,-0.169106888,0.050773659,0,0,1,0,0,0,0,0,0,0,0,cben
4/6/18 16:58,ben,2.821718042,1.069572,2.104733333,0,1.306319514,1.230282613,2.708871289,1.150676267,1.07657444,2.950645067,1.029152067,1.065072653,2.645802989,0.971216333,0.991141553,2.988992953,0.9589766,0.916170347,2.747923237,0.90611,0.970333987,2.706592631,0.912876067,0.990898567,-0.416463027,0.051385385,0,0,0,1,0,0,0,0,0,1,1,i
4/6/18 16:58,zoe,1.180748266,2.116111759,6.733,0,-0.952861873,1.784639347,1.25179549,2.025891464,1.64378811,1.056874135,2.251249013,1.62325247,1.303054072,2.024659575,1.505097979,0.956360348,2.205366722,1.481420289,1.311375561,2.259539473,1.429697863,0.970097613,2.216938982,1.283471553,-0.555714353,-0.421577697,0,0,1,0,0,0,0,0,0,0,0,i
4/6/18 16:59,ben,2.813955583,1.090196267,4.394266667,0,0.379057309,1.243095273,2.706835929,1.158390667,1.09961208,2.949941167,1.036841933,1.069493513,2.650017381,1.052091267,0.950575873,2.97552944,0.953991333,0.918526067,2.684106455,0.9351064,1.069766007,2.698005579,0.932640133,1.011253213,-0.44292178,0.117342456,0,0,0,1,0,0,0,0,0,1,1,i
4/6/18 16:59,zoe,1.0593892,2.124953098,15.01973333,0.066666667,-0.828035144,1.80545146,1.131680668,2.055879733,1.637455863,0.937885129,2.224671687,1.628703591,1.200789255,2.0496542,1.4954356,0.889822376,2.261073097,1.486874478,1.208986464,2.18400404,1.438405755,1.011369595,2.255624439,1.430134517,-0.325800691,0.117023925,0,0,1,0,0,0,0,0,0,0,0,i
4/6/18 17:00,ben,2.785069108,1.057724,4.217533333,0,1.18146522,1.218403327,2.688255269,1.134914067,1.054520253,2.942482273,1.048401733,1.06179848,2.627805361,0.946037067,1.013891333,2.96586812,0.9446108,0.923134433,2.785695623,0.908416133,0.97725124,2.697702531,0.9351602,1.003577067,-0.49935836,-0.085000909,0,0,0,1,0,0,0,0,0,1,1,i
4/6/18 17:00,zoe,1.200149738,2.200609432,12.63913333,0,-0.962122061,1.789745093,1.264775124,2.180981385,1.599751472,1.077754423,2.339251459,1.61567869,1.293576822,2.173030353,1.512818417,1.093839809,2.411321631,1.449840113,1.301737027,2.31944621,1.509991978,1.29523536,2.344708397,1.485162916,-0.541332553,-0.129078885,0,0,1,0,0,0,0,0,0,0,0,i
4/6/18 17:01,ben,2.799882807,1.064572133,4.1516,0,1.311154641,1.22808766,2.684337608,1.1364,1.05694016,2.940673527,1.046378267,1.061332133,2.625224546,0.9968482,0.977673293,2.968406213,0.9494532,0.923190193,2.738155871,0.903956667,0.967422807,2.689363529,0.932961533,0.999053373,-0.222895382,-0.224853501,0,0,0,1,0,0,0,0,0,1,1,i
4/6/18 17:01,zoe,1.099041062,2.198344823,11.2496,0,-1.057706315,1.794012847,1.207222923,2.195826616,1.616191354,1.008900399,2.328772281,1.598941521,1.282437535,2.18598173,1.485593765,0.973598348,2.328850601,1.461387467,1.338447493,2.321195085,1.467143174,0.942063032,2.416251635,1.388800916,-0.597010026,-0.033777078,0,0,1,0,0,0,0,0,0,0,0,i
4/6/18 17:02,ben,2.831803288,1.087012467,3.057933333,0,0.821888245,1.246049293,2.714410296,1.152085933,1.089871273,2.944329533,1.0476414,1.0614813,2.633947695,0.995833267,0.977196,2.980266427,0.949276667,0.925470013,2.729969643,0.904588133,0.9991707,2.700143895,0.919817533,1.010878247,0.046600784,-0.242481287,0,0,0,1,0,0,0,0,0,1,1,i
4/6/18 17:02,zoe,1.095052623,2.143943899,13.0054,0,-0.977672601,1.866732913,1.171260274,2.104751329,1.679272805,0.988472993,2.275742457,1.662970159,1.229796249,2.191493063,1.554241013,0.936473906,2.247397622,1.49152089,1.221850968,2.228869681,1.580024998,1.135267189,2.311987918,1.54059512,-0.559404793,0.370838995,0,0,1,0,0,0,0,0,0,0,0,i
4/6/18 17:03,ben,2.836961264,1.091437,3.448357143,0,-0.889396009,1.2444164,2.712358384,1.1766775,1.049398171,2.936165979,1.035170786,1.040736064,2.634075381,1.057489214,0.930164807,2.979867614,0.951648786,0.902460429,2.624102862,0.927853714,1.047824593,2.743031113,0.965710429,0.990959421,0.223238945,-0.075676678,0,0,0,1,0,0,0,0,0,1,1,i
4/6/18 17:03,zoe,1.127730362,2.205438729,7.838888889,0,-0.979509254,1.824615056,1.223260053,2.155601931,1.671792943,1.022771167,2.295025785,1.638297198,1.302724708,2.240901944,1.524450341,0.99601977,2.279850688,1.495923609,1.284970157,2.328348858,1.5860132,1.2531559,2.292730695,1.575510452,-0.680940678,0.3439347,0,0,1,0,0,0,0,0,0,0,0,i
4/6/18 17:04,ben,2.521901558,1.277443236,31.82316667,0,0.076042851,1.331113461,2.435597025,1.354854702,1.130835823,2.598724009,1.248655438,1.130487113,2.376738036,1.355467834,0.942462341,2.624463138,1.200722052,0.989612892,2.231746869,1.272546417,0.933031871,2.482062411,1.223644747,1.049837954,0.149564789,0.026532822,0,0,0,0,0,0,0,0,0,1,1,i
4/6/18 17:04,kim,1.911045541,4.550321153,139.5866,0,1.467903862,1.688991,2.106841929,4.49279846,1.49067241,1.749288611,4.455217641,1.482127144,2.179018397,4.499890009,1.31273944,1.67965882,4.466132577,1.3063109,1.979715936,4.614993257,1.24835802,1.88083121,4.637483745,1.24470982,0.104602162,0.13249628,0,0,0,0,0,0,0,0,0,0,0,i
4/6/18 17:05,ben,2.807667389,1.064596571,1.1475,0,1.404525155,1.216303986,2.701825141,1.183104071,1.019242879,2.931238171,1.0217945,1.017767471,2.619421426,1.172344643,0.815872314,2.975769793,0.951730786,0.873119771,2.452446314,1.083334071,0.7885644,2.779528944,0.9375105,0.947998343,0.355882064,-0.054133561,0,0,0,1,0,0,0,0,0,1,1,i
4/6/18 17:05,zoe,1.151618959,2.330376682,8.26375,0,-1.066939037,1.763220481,1.228979777,2.252665197,1.610613265,1.039735819,2.434125303,1.59220381,1.286218489,2.297299503,1.453222517,0.966306976,2.376919369,1.407487066,1.259944091,2.433101641,1.385325193,0.976831095,2.427799281,1.22933675,-0.320288305,-0.02768398,0,0,1,0,0,0,0,0,0,0,0,i
4/6/18 17:06,ben,2.750710224,1.306434074,1.870823529,0,1.359582492,1.236072284,2.597533414,1.294742833,1.015266229,2.811274129,1.154726539,1.015175147,2.518544018,1.302920702,0.823551682,2.85767072,1.090322875,0.891995035,2.358552729,1.215038699,0.810992329,2.687594817,1.065585332,0.963721977,0.358534953,-0.033637446,0,0,0,1,0,0,0,0,1,1,1,i
4/6/18 17:06,kim,3.08529758,2.167870745,3.797,0,-1.462292727,1.96108145,3.112568708,2.403187822,1.7624822,2.876187532,2.321820509,1.766298595,3.187520074,2.410225407,1.5657863,2.801603336,2.230524102,1.53964705,3.230783957,2.30897437,1.36481155,2.905324348,2.103526183,1.349111715,0.18141288,-0.368832065,0,0,1,1,0,0,0,0,0,1,1,i
4/6/18 17:06,zoe,1.137935123,2.317182548,11.47518182,0,-1.06650164,1.761879045,1.218101865,2.248530561,1.606205649,1.014091383,2.421567607,1.597931494,1.260138837,2.211159546,1.45676658,0.959497144,2.414701653,1.411219327,1.294496452,2.396830995,1.484613098,1.038849013,2.523225684,1.343526436,-0.386932749,-0.025162789,0,0,1,0,0,0,0,0,1,0,0,i
4/6/18 17:07,ben,2.809053781,1.066279929,0.784071429,0,1.532688157,1.213518243,2.704662629,1.165972143,1.013111221,2.932221336,1.021999929,1.017515143,2.617260475,1.170961286,0.811808936,2.976648171,0.951585929,0.872687743,2.448652793,1.076198214,0.78812595,2.801306829,0.889564286,0.89766665,0.3672452,-0.054134106,0,0,0,1,0,0,0,0,0,1,1,i
4/6/18 17:07,zoe,1.172022557,2.316991571,9.878733333,0,-1.01351635,1.76306752,1.291428102,2.32164746,1.596742095,1.064149948,2.415956319,1.57322025,1.361198598,2.290822072,1.544439013,1.114406385,2.458302119,1.444102471,1.336697037,2.411534852,1.449090153,1.211560934,2.420570467,1.545310443,-0.370672461,-0.045004859,0,0,1,0,0,0,0,0,0,0,0,i
4/6/18 17:08,ben,2.821606737,1.080644067,1.7126,0,1.138092025,1.216086293,2.712992354,1.1623152,1.015201547,2.9324311,1.022552933,1.018330853,2.62472108,1.1549916,0.819044707,2.972585287,0.9506402,0.873025513,2.475055514,1.051048333,0.818829153,2.797649857,0.931455333,0.93405204,0.389551633,-0.004310547,0,0,0,1,0,0,0,0,0,1,1,i
4/6/18 17:08,zoe,1.142171605,2.338827028,15.59835714,0,-0.978084586,1.786399721,1.233110527,2.297063858,1.617418952,1.046710884,2.443052219,1.590539771,1.288012928,2.351617495,1.476911835,0.994302554,2.413952664,1.438412529,1.227790521,2.477745799,1.452158924,0.898653249,2.448046513,1.303634278,-0.393978021,-0.21587391,0,0,1,0,0,0,0,0,0,0,0,i
4/6/18 17:09,ben,2.84509343,1.083695933,5.626933333,0,-0.645398963,1.236573833,2.728942052,1.170615,1.02665698,2.929016567,1.014752667,1.016713507,2.635839518,1.181615,0.869257373,2.972746149,0.940187933,0.88516698,2.567482702,0.955047733,0.957961393,2.819413065,0.932289087,0.969747853,0.433449097,0.063634481,0,0,0,0,0,0,0,0,0,0,0,i
4/6/18 17:10,ben,2.804976243,1.078503133,2.6294,0,0.90320769,1.224702613,2.690106365,1.174053,1.022043107,2.936737473,1.016035867,1.01754784,2.628177267,1.039615933,0.90206356,2.978517027,0.949764267,0.871089733,2.687343096,0.896021867,0.954915293,2.724639928,0.889164067,0.984288947,0.642612353,0.088258625,1,0,0,1,0,0,0,0,0,1,1,i
4/6/18 17:10,eva,1.156333181,2.149058255,13.80353333,0,-0.770398602,1.835510947,1.226799343,2.084733809,1.701206736,1.060883959,2.24629241,1.683608494,1.232648432,2.058792114,1.575744724,0.964072662,2.24106949,1.549196677,1.261034302,2.111681172,1.484027513,1.11729312,2.328294352,1.473677806,-0.337628516,0.183488896,0,0,1,1,0,0,0,0,0,1,1,i
4/6/18 17:10,zoe,1.225326807,1.587899138,0,0,-1.072193747,2.0858557,1.287134714,1.5504216,1.7713699,1.187521019,1.537120794,1.8267725,1.344076566,1.467968806,1.6020265,1.218523717,1.652557093,2.0713994,1.487603105,1.513503705,1.7573416,1.31721754,1.758009149,2.2968551,0.1813181,0.1518332,1,0,1,0,0,0,0,0,0,0,0,i
4/6/18 17:11,ben,2.806427083,1.0758944,2.081933333,0,0.862737706,1.221435267,2.690183959,1.167003667,1.0163492,2.93653274,1.015242667,1.016219287,2.607010127,1.017896467,0.958896467,2.978815587,0.952934933,0.868195273,2.684796245,0.894563133,0.992076367,2.72249889,0.8841418,0.970878453,0.677923333,0.043847199,1,0,0,0,0,0,0,0,0,1,1,i
4/6/18 17:11,eva,1.16890199,2.188715488,6.077866667,0,-1.001106756,1.80028716,1.236540251,2.108199328,1.67655671,1.077359713,2.308994379,1.651518868,1.258200076,2.094087865,1.530644046,0.961844509,2.298438947,1.519276671,1.318885778,2.186804128,1.438950733,1.124818093,2.430797097,1.422598412,-0.320324507,0.039382911,0,0,1,0,0,0,0,0,0,0,0,i
4/6/18 17:12,ben,2.828136561,1.084260867,0.5598,0,-1.386702383,1.234079327,2.696321159,1.1619536,1.0163697,2.937835853,1.014971,1.014518113,2.60620138,0.993733467,0.97028538,2.98492674,0.955606733,0.866983927,2.710237902,0.861041933,0.960717093,2.730912364,0.883023467,0.956287013,0.72669432,0.086964132,1,0,0,0,0,0,0,0,0,1,1,i
4/6/18 17:12,eva,1.177574938,2.186632594,6.0441875,0,-0.660049759,1.795979381,1.244883429,2.104179316,1.667844249,1.082443617,2.307718658,1.649352399,1.253784509,2.082480759,1.524516979,0.966875138,2.303791807,1.517266293,1.290722426,2.205291165,1.580401025,1.14768665,2.422276254,1.430026028,-0.226718647,-0.004428937,0,0,1,0,0,0,0,0,0,0,0,i
4/6/18 17:13,ben,2.830716839,1.086423026,1.356866667,0,-1.363902703,1.286566793,2.717757904,1.163236829,1.07304182,2.925869134,1.025779307,1.069269693,2.637827152,1.24117711,0.9800149,2.965493082,0.974438973,0.920108573,2.675446446,0.903508226,1.035863333,2.732502872,0.899057557,1.012758073,0.672918333,0.103662842,1,0,0,0,0,0,0,0,0,1,1,i
4/6/18 17:13,eva,1.167414399,2.196678277,5.230333333,0,-0.962417601,1.800752993,1.230029985,2.120998547,1.668857145,1.076407544,2.315989576,1.647232308,1.241986086,2.078782953,1.526567244,0.966841154,2.314938199,1.515461156,1.24547833,2.174400486,1.516410493,1.143520172,2.424645082,1.45729234,-0.239973326,-0.063226867,0,0,1,0,0,0,0,0,0,0,0,i
4/6/18 17:14,ben,2.82939922,1.081561333,0.626933333,0,0.497903029,1.230112667,2.706022525,1.168100867,1.021397873,2.939153633,1.015205133,1.012999633,2.634687245,1.271284933,0.926342413,2.98779436,0.955796533,0.866003027,2.664237887,0.8920818,0.992005393,2.727015794,0.887764333,0.964558213,0.736217747,0.080238429,1,0,0,0,0,0,0,0,0,1,1,i
4/6/18 17:14,eva,1.180729376,2.191297519,7.5882,0,-1.005835361,1.79948122,1.246133362,2.113034951,1.675304327,1.084292638,2.305872371,1.659189474,1.269070006,2.086302058,1.528661118,0.974979599,2.305647749,1.525009237,1.281007879,2.199010543,1.497390923,1.130860962,2.421520498,1.452750721,-0.455491213,-0.01350115,0,0,1,0,0,0,0,0,0,0,0,i
4/6/18 17:15,ben,2.819170319,1.07354465,0.6622,0,1.213397953,1.274340087,2.722427713,1.157872729,1.064538073,2.9269389,1.026469031,1.067071493,2.653137388,1.255963535,0.967010933,2.965258975,0.974920248,0.917500771,2.6811059,0.902276195,1.016146097,2.714481391,0.890042981,1.016119913,0.686088207,0.083068601,1,0,0,0,0,0,0,0,0,1,1,i
4/6/18 17:15,eva,1.193605902,2.243472154,3.6096,0,-0.90949494,1.77749144,1.252921068,2.145190472,1.653084786,1.085894293,2.351232349,1.631516442,1.265721364,2.099282914,1.513041739,0.970630673,2.328677777,1.519848331,1.287508443,2.242810372,1.52475671,1.136364269,2.452084405,1.454017166,-0.353494247,0.440825083,0,0,1,0,0,0,0,0,0,0,0,i
4/6/18 17:16,ben,2.838719134,1.088639933,1.631933333,0,1.395672943,1.231677327,2.708502165,1.165917733,1.018343353,2.943095013,1.015825933,1.01484728,2.632182055,1.066566867,0.876249067,2.99068248,0.956425267,0.867498987,2.714767661,0.9009062,1.00397564,2.807400004,0.9516628,0.962359693,0.755985693,0.110678656,1,0,0,0,0,0,0,0,0,1,1,i
4/6/18 17:16,eva,1.203314768,2.273699367,1.682133333,0,-0.971100658,1.767774827,1.256539561,2.179800758,1.641736644,1.087574373,2.376555068,1.630135844,1.272706502,2.113333057,1.507238947,0.979762311,2.351572491,1.514960934,1.235018972,2.268290505,1.557926974,1.144238424,2.485408133,1.408861208,-0.375983947,0.5663736,0,0,1,0,0,0,0,0,0,0,0,i
4/6/18 17:17,ben,2.635328512,0.883920231,10.31676923,0,0.577636294,1.242134854,2.52320654,0.926341,1.066510808,2.786946259,0.867829385,1.067478008,2.555467568,0.892416008,0.988405608,2.871362948,0.844711354,0.925611762,2.584668452,0.958265077,0.840358685,2.796376509,0.767351269,0.953873723,0.233733669,-0.586476347,1,0,0,1,0,0,0,0,0,1,1,i
4/6/18 17:17,eva,1.172752746,1.916070407,9.080333333,0,-1.013897241,1.825624667,1.256489769,1.869260034,1.691835233,1.084018929,1.990040378,1.68249677,1.311631165,1.870151446,1.559580533,1.060347187,2.01875811,1.605634723,1.454139271,1.902390841,1.459835147,1.285721174,2.124413028,1.521931367,-0.101113583,-0.094636574,0,0,1,1,0,0,0,0,0,1,1,i
4/6/18 17:17,zoe,2.645520096,0.905054673,6.335,0,-0.288412084,2.10820225,2.763281327,1.044023951,1.9409008,2.593959314,1.066693392,1.8837844,2.844585885,1.05359728,1.8171353,2.554619192,1.030108749,1.7085919,2.721857083,1.253250833,1.68281907,2.541431263,0.999108729,1.64651337,0.4170922,-0.370299,1,0,1,0,0,0,0,0,0,0,0,i
4/6/18 17:18,ben,2.824954222,1.066639067,2.802333333,0,1.357341747,1.226367653,2.711691327,1.1596708,1.013214367,2.92469678,0.998711733,1.01511542,2.66751673,1.125086,0.884310687,2.976292167,0.907351267,0.883701187,2.673098994,1.192689933,0.68506216,2.80110727,0.981973133,0.988718007,-0.271628453,0.5964792,0,0,0,0,0,0,0,0,0,0,0,i
4/6/18 17:19,ben,2.822205123,1.058665857,2.389071429,0,1.1959454,1.222938221,2.711771143,1.1259815,1.016999993,2.926586993,0.997681786,1.014561521,2.660381009,1.228936643,0.918732407,2.974902736,0.908038286,0.880806871,2.712312174,0.926614786,0.964437529,2.729294774,0.923726357,0.982342186,-0.335129871,0.57810955,0,0,0,1,0,0,0,0,0,1,1,i
4/6/18 17:19,zoe,2.828851294,1.080549461,6.762,0,-1.438003594,2.0491986,2.954330015,1.137428736,1.865811,2.721377044,0.945085756,1.8549699,3.020914575,1.049378341,1.7151232,2.688989375,1.114973675,1.7459344,3.076614606,1.008661976,1.47480244,2.643774925,0.993849114,1.8215513,0.221827,0.5794252,0,0,1,0,0,0,0,0,0,0,0,i
4/6/18 17:20,ben,2.815554717,1.052696,2.824733333,0,1.1959454,1.215662747,2.713231258,1.1302536,1.032262373,2.926159333,0.9968658,1.013390927,2.627943555,0.992056933,0.945513833,2.97010964,0.9079966,0.877668887,2.734990321,0.893544067,0.95818738,2.702251351,0.909544867,0.978241113,-0.351521087,0.56045878,0,0,0,0,0,0,0,0,0,0,0,i
4/6/18 17:21,ben,2.811176549,1.045598786,3.461214286,0,1.1959454,1.208815429,2.709937046,1.123408071,1.040547393,2.926450014,0.995767571,1.012210943,2.666781796,0.9571355,0.959744364,2.96936475,0.910392857,0.8742262,2.73277292,0.856175857,0.950845514,2.700705196,0.905447429,0.981875421,-0.3661377,0.5177774,0,0,0,1,0,0,0,0,0,1,1,i
4/6/18 17:21,zoe,2.823962013,1.066338551,3.379,0,-1.282174687,2.0391136,2.941735992,1.139364211,1.8721806,2.724094344,0.967780392,1.8675243,3.001140779,1.197395368,1.7506344,2.689757583,1.125050157,1.7420804,3.081523492,1.036242404,1.57834973,2.653949226,0.987928922,1.8300277,0.2415306,0.6000645,0,0,1,0,0,0,0,0,0,0,0,i
4/6/18 17:22,ben,2.815989822,1.063841067,5.081466667,0,0.722242972,1.2290447,2.700311855,1.117355333,1.04039174,2.919804449,0.992881067,1.024894933,2.646531471,1.029143133,0.876473527,2.97311594,0.909735067,0.89169854,2.724850996,0.9150264,0.95206588,2.744640144,0.9247264,0.96707558,-0.217951947,0.458080387,0,0,0,0,0,0,0,0,0,0,0,i
4/6/18 17:23,ben,2.5730271,0.86157106,13.69453333,0,-0.952256007,1.369716626,2.485052687,0.90940218,1.150795727,2.672279995,0.791523647,1.15250036,2.523075268,0.835375433,1.076966193,2.708626077,0.706543467,1.003167447,2.571353201,0.778871227,1.004629127,2.700718362,0.62600478,0.89367134,0.126487902,-0.316238366,0,0,0,0,0,0,0,0,0,0,0,i
4/6/18 17:24,ben,2.108531888,2.549135215,23.3598,0,1.411267365,1.534614724,2.093786015,2.399435624,1.374301036,2.220056515,2.445648015,1.374638242,2.080902631,2.411480919,1.19210821,2.264679937,2.431347024,1.19654172,2.141723161,2.392169646,1.03325011,2.238755999,2.324964033,1.11719682,0.1446902,0.252753868,0,0,0,1,0,0,0,0,0,1,1,czoe
4/6/18 17:24,zoe,1.747562141,3.080939102,49.36018182,0,0.147661782,1.878602378,1.874071136,3.053611044,1.750112782,1.73170244,3.02555403,1.726921287,1.89674161,3.105335452,1.519748145,1.690819077,3.043661146,1.556291681,1.873424332,3.052167107,1.306611682,1.765324696,3.089093744,1.40589359,0.015290993,-0.060649298,0,0,1,0,0,0,0,0,0,0,0,cben
4/6/18 17:25,ben,1.337472783,4.042672495,8.788727273,0.090909091,-1.261809358,1.419896248,1.353212317,3.92583547,1.335506999,1.476610553,3.955724351,1.311019386,1.29857695,3.900236877,1.201286405,1.531609039,4.047600895,1.262786468,1.302326785,3.890106876,1.016969327,1.481222913,4.053200043,1.137988778,-0.138999767,0.105225318,0,0,0,1,0,0,0,0,0,0,0,czoe
4/6/18 17:25,zoe,1.372126575,4.230594464,6.80075,0,0.7709526,1.456526761,1.546557257,4.100366069,1.422242025,1.390125921,4.224616665,1.36003589,1.486549487,4.275089827,1.210880425,1.500740405,4.326066048,1.24456525,1.434549471,4.328493013,1.0929251,1.333378342,4.249822626,1.278296858,0.121655175,0.583186,0,0,1,0,0,0,0,0,0,0,0,cben
4/6/18 17:26,ben,1.425638054,4.290261707,10.4,0.214285714,-0.931950371,1.554156453,1.423761417,4.257694561,1.429427105,1.544446788,4.20006359,1.41924886,1.438895922,4.267535136,1.2277309,1.536165987,4.283070292,1.423533606,1.339644485,4.288324453,1.179867604,1.554276499,4.295784632,1.188338861,-0.341183124,0.040075797,0,0,0,1,0,0,0,0,0,0,0,czoe
4/6/18 17:26,zoe,1.393601823,4.294970588,3.268,0,1.481151117,1.5573356,1.421945243,4.308485532,1.388249185,1.595460043,4.182090123,1.40183187,1.422490168,4.332323124,1.3202056,1.560778144,4.253815696,1.4675985,1.211177382,4.299480686,1.37119165,1.562270345,4.304299027,1.23297215,0.2015837,-0.03378311,0,0,1,0,0,0,0,0,0,0,0,cben
4/6/18 17:27,ben,1.568081445,4.25365089,11.25585714,0,-0.252906988,1.470942761,1.561083447,4.252886246,1.30827897,1.595907105,4.251114009,1.317223642,1.53990527,4.264237551,1.224516317,1.594671188,4.274522606,1.249607394,1.46918701,4.278696086,1.154018793,1.621781625,4.287196303,1.241578159,0.025507929,-0.179220957,0,0,0,1,0,0,0,0,0,0,0,czoe
4/6/18 17:27,zoe,1.532638684,4.314226376,6.281,0.375,0.088250393,1.539166356,1.63508961,4.348840979,1.358549136,1.527080524,4.307847143,1.338306266,1.605704857,4.375685455,1.186103531,1.458335751,4.26624949,1.285776722,1.437484014,4.369524941,1.090522681,1.547792123,4.396237914,1.318479406,0.546989425,-0.104496275,0,0,1,0,0,0,0,0,0,0,0,cben
4/6/18 17:28,ben,1.575092237,4.230277586,12.766,0.166666667,1.548674586,1.673683501,1.640538306,4.190709251,1.476014268,1.64093038,4.161214315,1.450069569,1.720361557,4.159863952,1.275651442,1.68164326,4.201163932,1.314619133,1.55830191,4.200235475,1.226295772,1.658706567,4.171503731,1.093167558,-0.27757165,0.333920583,0,0,0,1,0,0,0,0,0,0,0,czoe
4/6/18 17:28,zoe,1.529666796,4.276248561,9.384777778,0,1.092599904,1.475774397,1.597536995,4.260670546,1.359048395,1.557357571,4.241223739,1.305610551,1.654167286,4.215242179,1.238147483,1.55814866,4.240409731,1.316558265,1.508094643,4.273204643,1.216846761,1.527470678,4.239501996,1.136681656,0.436862111,0.093374033,0,0,1,0,0,0,0,0,0,0,0,cben
4/6/18 17:29,ben,1.590704085,4.223769664,3.492,0,1.521227589,1.665585695,1.650414078,4.254100898,1.499112354,1.63525583,4.097742207,1.470370585,1.752664587,4.19143866,1.33875635,1.599750986,4.102548415,1.2828738,1.817811937,4.158042834,1.11976575,1.495321185,4.183906515,1.18178585,-0.3258213,0.3618984,0,0,0,1,0,0,0,0,1,0,0,czoe
4/6/18 17:29,kim,0.961654326,2.223151243,22.78722222,0,-1.020122155,1.906997789,1.06225313,2.174764043,1.733765893,0.813269074,2.246156584,1.719071162,1.075861341,2.148805268,1.565480637,0.749882914,2.285305114,1.612490993,1.072883861,2.197992724,1.490477369,0.84060013,2.404007347,1.510163378,-0.252931042,0.218886198,0,0,1,1,0,0,0,0,0,1,0,i
4/6/18 17:29,zoe,1.593193929,4.159767935,5.628333333,0.333333333,0.386594458,1.700221298,1.666991518,4.213265877,1.532427734,1.618769828,4.086142039,1.51869826,1.781815932,4.165706699,1.375839613,1.602095184,4.087048092,1.355207663,1.815375919,4.12264067,1.180894083,1.519781353,4.216900912,1.213630767,0.282009967,-0.463618867,0,0,1,0,0,0,0,0,1,0,0,cben